{
    "train_loss": [
        0.2716067037311013,
        0.14090319766855522,
        0.09778032226061355,
        0.08406672012659216,
        0.0722903290987223,
        0.06735045564417498,
        0.060706974087509344,
        0.045645549609169736,
        0.04002814295584779,
        0.03009378671640915,
        0.03532508884983556,
        0.04102960864905747,
        0.03532133330854421,
        0.027465615899348567,
        0.034788823502649446,
        0.04430550886329063,
        0.05300599308601547,
        0.021816512337157715,
        0.01916895602855281,
        0.03309651910475821,
        0.010756137295906656,
        0.02292566389861964,
        0.018249907210127925,
        0.017527510692808296,
        0.020015470571285107,
        0.02179587839716418,
        0.018343004824280838,
        0.02815267861626136,
        0.031919118641440675,
        0.017081906281482435,
        0.02239515860742739,
        0.029379141022198067,
        0.010102492673732288
    ],
    "train_acc": [
        90.79131652661064,
        95.2906162464986,
        96.51610644257703,
        97.21638655462185,
        97.93417366946778,
        97.56652661064426,
        98.16176470588235,
        98.33683473389355,
        98.7219887955182,
        98.91456582633053,
        98.7219887955182,
        98.73949579831933,
        98.93207282913166,
        99.12464985994397,
        98.84453781512605,
        98.93207282913166,
        98.54691876750701,
        99.29971988795518,
        99.28221288515407,
        98.91456582633053,
        99.68487394957984,
        99.3172268907563,
        99.35224089635854,
        99.43977591036415,
        99.29971988795518,
        99.36974789915966,
        99.4047619047619,
        99.03711484593838,
        99.0546218487395,
        99.45728291316527,
        99.28221288515407,
        99.19467787114846,
        99.64985994397759
    ],
    "val_loss": [
        0.14624980908064616,
        0.11884777226840101,
        0.11289194856016409,
        0.0865144287624086,
        0.06338825068780266,
        0.05801353063829343,
        0.0736662240787631,
        0.05363888777459839,
        0.0844444226351611,
        0.09997557420727043,
        0.09779239131915217,
        0.042881881208380775,
        0.03481748723251734,
        0.07391919099193599,
        0.03776616734865543,
        0.33121125617374975,
        0.0212138370510989,
        0.024026158862441315,
        0.06541710082508091,
        0.04437121875214091,
        0.014332811812350667,
        0.047467982225151945,
        0.007236290648246982,
        0.028633757439647092,
        0.019900731797124968,
        0.044442865698199184,
        0.04493334754148409,
        0.11747267666006726,
        0.025341452816930888,
        0.014110564360483599,
        0.09429796908946064,
        0.017610710272774235,
        0.0163991651407698
    ],
    "val_acc": [
        94.19847328244275,
        96.33587786259542,
        96.4885496183206,
        96.94656488549619,
        97.40458015267176,
        97.40458015267176,
        98.47328244274809,
        98.62595419847328,
        97.40458015267176,
        97.70992366412214,
        97.09923664122137,
        98.3206106870229,
        98.77862595419847,
        98.01526717557252,
        98.77862595419847,
        92.06106870229007,
        99.08396946564885,
        99.23664122137404,
        98.16793893129771,
        98.62595419847328,
        99.23664122137404,
        98.62595419847328,
        99.8473282442748,
        98.93129770992367,
        99.23664122137404,
        98.77862595419847,
        98.3206106870229,
        96.79389312977099,
        98.77862595419847,
        99.54198473282443,
        98.3206106870229,
        99.69465648854961,
        99.54198473282443
    ]
}