{
    "train_loss": [
        0.6272215556831999,
        0.47826569356731863,
        0.4160203181998024,
        0.40885322299583,
        0.40396999118214877,
        0.38455553219638056,
        0.39159777797966694,
        0.3643192276774838,
        0.3738715725238097,
        0.3547808723576242,
        0.3576031934948607,
        0.34756387162474944,
        0.33831995592436975,
        0.339950626955352,
        0.3245409803267298,
        0.32101260675065346,
        0.33468300557835806,
        0.3319254166254118,
        0.32300621296107435,
        0.32061296539100187,
        0.31178620099688376,
        0.3035953156858183,
        0.29243537429824223,
        0.29567691230074655,
        0.29338642043274876,
        0.3144213706046842,
        0.28492701503151624,
        0.29772435711415784,
        0.28963029049545025,
        0.28530240729034945,
        0.28661583959223835,
        0.29397392260462213,
        0.2764513398931679,
        0.2847095543112835,
        0.26571971933518707,
        0.2654513128975916,
        0.26732156758701336,
        0.2791179837502914,
        0.2665595343471739,
        0.2610960336370841,
        0.2716067037311013,
        0.14090319766855522,
        0.09778032226061355,
        0.08406672012659216,
        0.0722903290987223,
        0.06735045564417498,
        0.060706974087509344,
        0.045645549609169736,
        0.04002814295584779,
        0.03009378671640915,
        0.03532508884983556,
        0.04102960864905747,
        0.03532133330854421,
        0.027465615899348567,
        0.034788823502649446,
        0.04430550886329063,
        0.05300599308601547,
        0.021816512337157715,
        0.01916895602855281,
        0.03309651910475821,
        0.010756137295906656,
        0.02292566389861964,
        0.018249907210127925,
        0.017527510692808296,
        0.020015470571285107,
        0.02179587839716418,
        0.018343004824280838,
        0.02815267861626136,
        0.031919118641440675,
        0.017081906281482435,
        0.02239515860742739,
        0.029379141022198067,
        0.010102492673732288
    ],
    "train_acc": [
        74.89495798319328,
        81.9327731092437,
        84.50630252100841,
        84.17366946778712,
        84.69887955182072,
        85.29411764705883,
        85.22408963585434,
        86.2219887955182,
        85.71428571428571,
        86.6421568627451,
        86.3795518207283,
        86.79971988795518,
        86.5546218487395,
        87.062324929972,
        87.2373949579832,
        87.64005602240897,
        87.37745098039215,
        87.35994397759103,
        87.78011204481793,
        87.88515406162465,
        88.49789915966386,
        88.70798319327731,
        88.76050420168067,
        89.18067226890756,
        89.11064425770309,
        87.69257703081233,
        89.46078431372548,
        88.55042016806723,
        89.1281512605042,
        89.42577030812325,
        88.7780112044818,
        88.81302521008404,
        89.75840336134453,
        88.95308123249299,
        90.02100840336135,
        90.07352941176471,
        89.74089635854342,
        88.91806722689076,
        90.10854341736695,
        89.86344537815125,
        90.79131652661064,
        95.2906162464986,
        96.51610644257703,
        97.21638655462185,
        97.93417366946778,
        97.56652661064426,
        98.16176470588235,
        98.33683473389355,
        98.7219887955182,
        98.91456582633053,
        98.7219887955182,
        98.73949579831933,
        98.93207282913166,
        99.12464985994397,
        98.84453781512605,
        98.93207282913166,
        98.54691876750701,
        99.29971988795518,
        99.28221288515407,
        98.91456582633053,
        99.68487394957984,
        99.3172268907563,
        99.35224089635854,
        99.43977591036415,
        99.29971988795518,
        99.36974789915966,
        99.4047619047619,
        99.03711484593838,
        99.0546218487395,
        99.45728291316527,
        99.28221288515407,
        99.19467787114846,
        99.64985994397759
    ],
    "val_loss": [
        0.5428139794440496,
        0.48327531417210895,
        0.4588044016134171,
        0.44902227889923824,
        0.47415419419606525,
        0.4043640629166648,
        0.3864458934182212,
        0.3909039128394354,
        0.3869366291023436,
        0.40678979811214266,
        0.3646226255666642,
        0.3509494967403866,
        0.3551024943590164,
        0.34207217182431904,
        0.3478942279304777,
        0.34072465272176833,
        0.3900729985464187,
        0.3465841089685758,
        0.3539038286322639,
        0.30857995471784044,
        0.34627531681741985,
        0.35357328894592466,
        0.31223085061425254,
        0.2860275968199685,
        0.3126092077720733,
        0.29789470774786814,
        0.2834309126649584,
        0.27526039559216725,
        0.27671190280289876,
        0.26220100302071797,
        0.301059114081519,
        0.28709640602270764,
        0.3026455325030145,
        0.27449753667627064,
        0.31824901912893566,
        0.3108823923837571,
        0.2923086072717394,
        0.27854375292857486,
        0.2758387855830647,
        0.3023723839294343,
        0.14624980908064616,
        0.11884777226840101,
        0.11289194856016409,
        0.0865144287624086,
        0.06338825068780266,
        0.05801353063829343,
        0.0736662240787631,
        0.05363888777459839,
        0.0844444226351611,
        0.09997557420727043,
        0.09779239131915217,
        0.042881881208380775,
        0.03481748723251734,
        0.07391919099193599,
        0.03776616734865543,
        0.33121125617374975,
        0.0212138370510989,
        0.024026158862441315,
        0.06541710082508091,
        0.04437121875214091,
        0.014332811812350667,
        0.047467982225151945,
        0.007236290648246982,
        0.028633757439647092,
        0.019900731797124968,
        0.044442865698199184,
        0.04493334754148409,
        0.11747267666006726,
        0.025341452816930888,
        0.014110564360483599,
        0.09429796908946064,
        0.017610710272774235,
        0.0163991651407698
    ],