{
    "train_loss": [
        0.8013956511819829,
        0.5908131020029164,
        0.4878270602759036,
        0.43098648824838287,
        0.41342275801983625,
        0.39040850356803924,
        0.3596332089861012,
        0.34604797000325593,
        0.3344878135613223,
        0.31828098671313104,
        0.2983364396046993,
        0.3010636903553702,
        0.2998150523814409,
        0.279077671717998,
        0.279565300771644,
        0.26933999014133847,
        0.25089446282503325,
        0.23502510482206024,
        0.23325963938535924,
        0.23274345122610723,
        0.2067045610210749,
        0.19046193883655457,
        0.20696085477091747,
        0.1995940144179004,
        0.1797991985423938,
        0.17787075786742085,
        0.17131208458280597,
        0.16885557144297567,
        0.17110362140638702,
        0.1627976043337134,
        0.14584306251861195,
        0.14873828622382446,
        0.15719979688233837,
        0.13610429296467724,
        0.144075669535545,
        0.12659553115323768,
        0.12117681499471752,
        0.12278923776011144,
        0.12166068636078659,
        0.12229909684363358,
        0.10161322389089363,
        0.10805961668657857,
        0.12866710342581295,
        0.11873246899509397,
        0.10393505000675815,
        0.09396464257714385,
        0.10104719037970518,
        0.1031322902115322,
        0.08463437488372828,
        0.1024364257470689,
        0.07982937461441622,
        0.07591305252921628,
        0.09721560175036335,
        0.07731709072064588,
        0.0916788853176833,
        0.0842006813016767
    ],
    "train_acc": [
        67.19187675070027,
        77.10084033613445,
        81.19747899159664,
        83.98109243697479,
        84.96148459383754,
        85.4516806722689,
        86.34453781512605,
        87.60504201680672,
        87.62254901960785,
        88.42787114845939,
        89.14565826330532,
        88.88305322128852,
        89.16316526610645,
        90.12605042016807,
        89.86344537815125,
        90.31862745098039,
        90.72128851540616,
        91.3515406162465,
        91.28151260504201,
        91.61414565826331,
        92.6470588235294,
        93.27731092436974,
        92.3844537815126,
        92.94467787114846,
        93.67997198879551,
        93.90756302521008,
        93.9250700280112,
        93.94257703081233,
        94.13515406162465,
        93.8375350140056,
        94.99299719887955,
        94.62535014005603,
        94.8704481792717,
        95.27310924369748,
        94.6953781512605,
        95.41316526610645,
        95.78081232492997,
        95.72829131652661,
        95.78081232492997,
        95.69327731092437,
        96.51610644257703,
        96.34103641456582,
        95.41316526610645,
        95.86834733893558,
        96.21848739495799,
        96.90126050420169,
        96.48109243697479,
        96.35854341736695,
        97.093837535014,
        96.4110644257703,
        97.11134453781513,
        97.32142857142857,
        96.67366946778712,
        97.37394957983193,
        97.16386554621849,
        96.98879551820728
    ],
    "val_loss": [
        0.9200568312690371,
        1.9421645629973638,
        1.8422930467696417,
        0.44650521590596154,
        0.6226958710522879,
        0.4795082587571371,
        0.5292918738864717,
        1.5439739596276056,
        0.8778253495693207,
        0.45552128837222144,
        0.494895637744949,
        1.2276108378455752,
        0.4647527216445832,
        0.28640534533631234,
        0.9330895685014271,
        0.6608010502088637,
        0.30409779488330796,
        0.27784312871240435,
        0.624650220076243,
        1.5822131860823858,
        0.35202807897613164,
        0.4229349767168363,
        0.4122514318497408,
        0.4669122461761747,
        0.29261598141775247,
        0.7545099073932284,
        0.35185423369208974,
        0.1503218123245807,
        0.2724430795226778,
        0.3515514617874509,
        0.6157797376314799,
        0.3423605332417147,
        0.1396824165823914,
        0.16662353259466944,
        0.29427532479166985,
        0.14995032504555725,
        0.1919308110982889,
        0.3940139536169313,
        0.505936208225432,
        0.13471892711129926,
        0.22310229887564978,
        0.1529425053546826,
        0.21430123437728202,
        0.2502680028833094,
        0.1957322983514695,
        0.1017283174164948,
        0.1562216564835537,
        0.2768468746826762,
        0.18519315567044986,
        0.11603821060132413,
        0.2067986974226577,
        0.23366738501049222,
        0.15752141266351655,
        0.1301592407038524,
        0.3945993234713872,
        0.12546774073104774
    ],
    "val_acc": [
        67.02290076335878,
        50.38167938931298,
        52.97709923664122,
        81.98473282442748,
        76.79389312977099,
        81.98473282442748,
        80.91603053435115,
        63.05343511450382,
        72.06106870229007,
        84.42748091603053,
        80.45801526717557,
        65.49618320610686,
        84.58015267175573,
        90.07633587786259,
        74.19847328244275,
        80.0,
        87.93893129770993,
        90.07633587786259,
        81.6793893129771,
        57.25190839694657,
        86.87022900763358,
        86.87022900763358,
        85.80152671755725,
        86.10687022900764,
        90.07633587786259,
        73.74045801526718,
        86.41221374045801,
        95.1145038167939,
        90.83969465648855,
        87.93893129770993,
        83.5114503816794,
        89.46564885496183,
        95.72519083969466,
        93.89312977099236,
        90.07633587786259,
        94.80916030534351,
        94.9618320610687,
        87.17557251908397,
        85.64885496183206,
        96.4885496183206,
        92.82442748091603,
        95.87786259541984,
        92.06106870229007,
        91.29770992366412,
        93.43511450381679,
        96.6412213740458,
        95.26717557251908,
        90.83969465648855,
        94.04580152671755,
        94.9618320610687,
        92.51908396946565,
        92.51908396946565,
        95.41984732824427,
        96.18320610687023,
        86.87022900763358,
        94.80916030534351
    ]
}