{
    "train_loss": [
        0.6272215556831999,
        0.47826569356731863,
        0.4160203181998024,
        0.40885322299583,
        0.40396999118214877,
        0.38455553219638056,
        0.39159777797966694,
        0.3643192276774838,
        0.3738715725238097,
        0.3547808723576242,
        0.3576031934948607,
        0.34756387162474944,
        0.33831995592436975,
        0.339950626955352,
        0.3245409803267298,
        0.32101260675065346,
        0.33468300557835806,
        0.3319254166254118,
        0.32300621296107435,
        0.32061296539100187,
        0.31178620099688376,
        0.3035953156858183,
        0.29243537429824223,
        0.29567691230074655,
        0.29338642043274876,
        0.3144213706046842,
        0.28492701503151624,
        0.29772435711415784,
        0.28963029049545025,
        0.28530240729034945,
        0.28661583959223835,
        0.29397392260462213,
        0.2764513398931679,
        0.2847095543112835,
        0.26571971933518707,
        0.2654513128975916,
        0.26732156758701336,
        0.2791179837502914,
        0.2665595343471739,
        0.2610960336370841
    ],
    "train_acc": [
        74.89495798319328,
        81.9327731092437,
        84.50630252100841,
        84.17366946778712,
        84.69887955182072,
        85.29411764705883,
        85.22408963585434,
        86.2219887955182,
        85.71428571428571,
        86.6421568627451,
        86.3795518207283,
        86.79971988795518,
        86.5546218487395,
        87.062324929972,
        87.2373949579832,
        87.64005602240897,
        87.37745098039215,
        87.35994397759103,
        87.78011204481793,
        87.88515406162465,
        88.49789915966386,
        88.70798319327731,
        88.76050420168067,
        89.18067226890756,
        89.11064425770309,
        87.69257703081233,
        89.46078431372548,
        88.55042016806723,
        89.1281512605042,
        89.42577030812325,
        88.7780112044818,
        88.81302521008404,
        89.75840336134453,
        88.95308123249299,
        90.02100840336135,
        90.07352941176471,
        89.74089635854342,
        88.91806722689076,
        90.10854341736695,
        89.86344537815125
    ],
    "val_loss": [
        0.5428139794440496,
        0.48327531417210895,
        0.4588044016134171,
        0.44902227889923824,
        0.47415419419606525,
        0.4043640629166648,
        0.3864458934182212,
        0.3909039128394354,
        0.3869366291023436,
        0.40678979811214266,
        0.3646226255666642,
        0.3509494967403866,
        0.3551024943590164,
        0.34207217182431904,
        0.3478942279304777,
        0.34072465272176833,
        0.3900729985464187,
        0.3465841089685758,
        0.3539038286322639,
        0.30857995471784044,
        0.34627531681741985,
        0.35357328894592466,
        0.31223085061425254,
        0.2860275968199685,
        0.3126092077720733,
        0.29789470774786814,
        0.2834309126649584,
        0.27526039559216725,
        0.27671190280289876,
        0.26220100302071797,
        0.301059114081519,
        0.28709640602270764,
        0.3026455325030145,
        0.27449753667627064,
        0.31824901912893566,
        0.3108823923837571,
        0.2923086072717394,
        0.27854375292857486,
        0.2758387855830647,
        0.3023723839294343
    ],
    "val_acc": [
        79.23664122137404,
        81.52671755725191,
        82.44274809160305,
        81.52671755725191,
        81.98473282442748,
        83.96946564885496,
        84.12213740458016,
        84.8854961832061,
        86.7175572519084,
        83.3587786259542,
        85.64885496183206,
        86.10687022900764,
        86.25954198473282,
        87.93893129770993,
        85.95419847328245,
        86.41221374045801,
        84.8854961832061,
        86.10687022900764,
        85.34351145038168,
        86.25954198473282,
        87.63358778625954,
        86.7175572519084,
        88.2442748091603,
        88.85496183206106,
        86.41221374045801,
        87.78625954198473,
        88.2442748091603,
        88.85496183206106,
        88.54961832061069,
        88.54961832061069,
        87.78625954198473,
        88.54961832061069,
        87.93893129770993,
        88.70229007633588,
        87.78625954198473,
        88.2442748091603,
        88.3969465648855,
        88.54961832061069,
        88.2442748091603,
        87.93893129770993
    ]
}